path,current_stem,proposed_name,category,subtype,usage,review_status,notes
assets/derived/cutouts/buding-character-states-v1/buding-character-states-v1__01.png,buding-character-states-v1__01,,,,,todo,
assets/derived/cutouts/buding-character-states-v1/buding-character-states-v1__02.png,buding-character-states-v1__02,,,,,todo,
assets/derived/cutouts/buding-character-states-v1/buding-character-states-v1__03.png,buding-character-states-v1__03,,,,,todo,
assets/derived/cutouts/buding-character-states-v1/buding-character-states-v1__04.png,buding-character-states-v1__04,,,,,todo,
assets/derived/cutouts/buding-character-states-v1/buding-character-states-v1__05.png,buding-character-states-v1__05,,,,,todo,
assets/derived/cutouts/buding-character-states-v1/buding-character-states-v1__06.png,buding-character-states-v1__06,,,,,todo,
assets/derived/cutouts/buding-character-states-v1/buding-character-states-v1__07.png,buding-character-states-v1__07,,,,,todo,
assets/derived/cutouts/buding-character-states-v1/buding-character-states-v1__08.png,buding-character-states-v1__08,,,,,todo,
assets/derived/cutouts/buding-character-states-v1/buding-character-states-v1__09.png,buding-character-states-v1__09,,,,,todo,
assets/derived/cutouts/buding-character-states-v1/buding-character-states-v1__10.png,buding-character-states-v1__10,,,,,todo,
assets/derived/cutouts/buding-character-states-v1/buding-character-states-v1__11.png,buding-character-states-v1__11,,,,,todo,
assets/derived/cutouts/buding-character-states-v1/buding-character-states-v1__12.png,buding-character-states-v1__12,,,,,todo,
assets/derived/cutouts/core-objects-and-badges-v1/core-objects-and-badges-v1__01.png,core-objects-and-badges-v1__01,,,,,todo,
assets/derived/cutouts/core-objects-and-badges-v1/core-objects-and-badges-v1__02.png,core-objects-and-badges-v1__02,,,,,todo,
assets/derived/cutouts/core-objects-and-badges-v1/core-objects-and-badges-v1__03.png,core-objects-and-badges-v1__03,,,,,todo,
assets/derived/cutouts/core-objects-and-badges-v1/core-objects-and-badges-v1__04.png,core-objects-and-badges-v1__04,,,,,todo,
assets/derived/cutouts/core-objects-and-badges-v1/core-objects-and-badges-v1__05.png,core-objects-and-badges-v1__05,,,,,todo,
assets/derived/cutouts/core-objects-and-badges-v1/core-objects-and-badges-v1__06.png,core-objects-and-badges-v1__06,,,,,todo,
assets/derived/cutouts/core-objects-and-badges-v1/core-objects-and-badges-v1__07.png,core-objects-and-badges-v1__07,,,,,todo,
assets/derived/cutouts/core-objects-and-badges-v1/core-objects-and-badges-v1__08.png,core-objects-and-badges-v1__08,,,,,todo,
assets/derived/cutouts/core-objects-and-badges-v1/core-objects-and-badges-v1__09.png,core-objects-and-badges-v1__09,,,,,todo,
assets/derived/cutouts/core-objects-and-badges-v1/core-objects-and-badges-v1__10.png,core-objects-and-badges-v1__10,,,,,todo,
assets/derived/cutouts/core-objects-and-badges-v1/core-objects-and-badges-v1__11.png,core-objects-and-badges-v1__11,,,,,todo,
assets/derived/cutouts/core-objects-and-badges-v1/core-objects-and-badges-v1__12.png,core-objects-and-badges-v1__12,,,,,todo,
assets/derived/cutouts/core-objects-and-badges-v1/core-objects-and-badges-v1__13.png,core-objects-and-badges-v1__13,,,,,todo,
assets/derived/cutouts/core-objects-and-badges-v1/core-objects-and-badges-v1__14.png,core-objects-and-badges-v1__14,,,,,todo,
assets/derived/cutouts/core-objects-and-badges-v1/core-objects-and-badges-v1__15.png,core-objects-and-badges-v1__15,,,,,todo,
assets/derived/cutouts/core-objects-and-badges-v1/core-objects-and-badges-v1__16.png,core-objects-and-badges-v1__16,,,,,todo,
assets/derived/cutouts/core-objects-and-badges-v1/core-objects-and-badges-v1__17.png,core-objects-and-badges-v1__17,,,,,todo,
assets/derived/cutouts/core-objects-and-badges-v1/core-objects-and-badges-v1__18.png,core-objects-and-badges-v1__18,,,,,todo,
assets/derived/cutouts/core-objects-and-badges-v1/core-objects-and-badges-v1__19.png,core-objects-and-badges-v1__19,,,,,todo,
assets/derived/cutouts/core-objects-and-badges-v1/core-objects-and-badges-v1__20.png,core-objects-and-badges-v1__20,,,,,todo,
assets/derived/cutouts/core-objects-and-badges-v1/core-objects-and-badges-v1__21.png,core-objects-and-badges-v1__21,,,,,todo,
assets/derived/cutouts/core-objects-and-badges-v1/core-objects-and-badges-v1__22.png,core-objects-and-badges-v1__22,,,,,todo,
assets/derived/cutouts/core-objects-and-badges-v1/core-objects-and-badges-v1__23.png,core-objects-and-badges-v1__23,,,,,todo,
assets/derived/cutouts/core-objects-and-badges-v1/core-objects-and-badges-v1__24.png,core-objects-and-badges-v1__24,,,,,todo,
assets/derived/cutouts/core-objects-and-badges-v1/core-objects-and-badges-v1__25.png,core-objects-and-badges-v1__25,,,,,todo,
assets/derived/cutouts/core-objects-and-badges-v1/core-objects-and-badges-v1__26.png,core-objects-and-badges-v1__26,,,,,todo,
assets/derived/cutouts/drink-stickers-and-status-tags-v1/drink-stickers-and-status-tags-v1__01.png,drink-stickers-and-status-tags-v1__01,,,,,todo,
assets/derived/cutouts/drink-stickers-and-status-tags-v1/drink-stickers-and-status-tags-v1__02.png,drink-stickers-and-status-tags-v1__02,,,,,todo,
assets/derived/cutouts/drink-stickers-and-status-tags-v1/drink-stickers-and-status-tags-v1__03.png,drink-stickers-and-status-tags-v1__03,,,,,todo,
assets/derived/cutouts/drink-stickers-and-status-tags-v1/drink-stickers-and-status-tags-v1__04.png,drink-stickers-and-status-tags-v1__04,,,,,todo,
assets/derived/cutouts/drink-stickers-and-status-tags-v1/drink-stickers-and-status-tags-v1__05.png,drink-stickers-and-status-tags-v1__05,,,,,todo,
assets/derived/cutouts/drink-stickers-and-status-tags-v1/drink-stickers-and-status-tags-v1__06.png,drink-stickers-and-status-tags-v1__06,,,,,todo,
assets/derived/cutouts/drink-stickers-and-status-tags-v1/drink-stickers-and-status-tags-v1__07.png,drink-stickers-and-status-tags-v1__07,,,,,todo,
assets/derived/cutouts/drink-stickers-and-status-tags-v1/drink-stickers-and-status-tags-v1__08.png,drink-stickers-and-status-tags-v1__08,,,,,todo,
assets/derived/cutouts/drink-stickers-and-status-tags-v1/drink-stickers-and-status-tags-v1__09.png,drink-stickers-and-status-tags-v1__09,,,,,todo,
assets/derived/cutouts/drink-stickers-and-status-tags-v1/drink-stickers-and-status-tags-v1__10.png,drink-stickers-and-status-tags-v1__10,,,,,todo,
assets/derived/cutouts/drink-stickers-and-status-tags-v1/drink-stickers-and-status-tags-v1__11.png,drink-stickers-and-status-tags-v1__11,,,,,todo,
assets/derived/cutouts/drink-stickers-and-status-tags-v1/drink-stickers-and-status-tags-v1__12.png,drink-stickers-and-status-tags-v1__12,,,,,todo,
assets/derived/cutouts/drink-stickers-and-status-tags-v1/drink-stickers-and-status-tags-v1__13.png,drink-stickers-and-status-tags-v1__13,,,,,todo,
assets/derived/cutouts/drink-stickers-and-status-tags-v1/drink-stickers-and-status-tags-v1__14.png,drink-stickers-and-status-tags-v1__14,,,,,todo,
assets/derived/cutouts/drink-stickers-and-status-tags-v1/drink-stickers-and-status-tags-v1__15.png,drink-stickers-and-status-tags-v1__15,,,,,todo,
assets/derived/cutouts/drink-stickers-and-status-tags-v1/drink-stickers-and-status-tags-v1__16.png,drink-stickers-and-status-tags-v1__16,,,,,todo,
assets/derived/cutouts/drink-stickers-and-status-tags-v1/drink-stickers-and-status-tags-v1__17.png,drink-stickers-and-status-tags-v1__17,,,,,todo,
assets/derived/cutouts/drink-stickers-and-status-tags-v1/drink-stickers-and-status-tags-v1__18.png,drink-stickers-and-status-tags-v1__18,,,,,todo,
assets/derived/cutouts/drink-stickers-and-status-tags-v1/drink-stickers-and-status-tags-v1__19.png,drink-stickers-and-status-tags-v1__19,,,,,todo,
assets/derived/cutouts/drink-stickers-and-status-tags-v1/drink-stickers-and-status-tags-v1__20.png,drink-stickers-and-status-tags-v1__20,,,,,todo,
assets/derived/cutouts/drink-stickers-and-status-tags-v1/drink-stickers-and-status-tags-v1__21.png,drink-stickers-and-status-tags-v1__21,,,,,todo,
assets/derived/cutouts/drink-stickers-and-status-tags-v1/drink-stickers-and-status-tags-v1__22.png,drink-stickers-and-status-tags-v1__22,,,,,todo,
assets/derived/cutouts/food-stickers-fruit-snacks-combos-v1/food-stickers-fruit-snacks-combos-v1__01.png,food-stickers-fruit-snacks-combos-v1__01,,,,,todo,
assets/derived/cutouts/food-stickers-fruit-snacks-combos-v1/food-stickers-fruit-snacks-combos-v1__02.png,food-stickers-fruit-snacks-combos-v1__02,,,,,todo,
assets/derived/cutouts/food-stickers-fruit-snacks-combos-v1/food-stickers-fruit-snacks-combos-v1__03.png,food-stickers-fruit-snacks-combos-v1__03,,,,,todo,
assets/derived/cutouts/food-stickers-fruit-snacks-combos-v1/food-stickers-fruit-snacks-combos-v1__04.png,food-stickers-fruit-snacks-combos-v1__04,,,,,todo,
assets/derived/cutouts/food-stickers-fruit-snacks-combos-v1/food-stickers-fruit-snacks-combos-v1__05.png,food-stickers-fruit-snacks-combos-v1__05,,,,,todo,
assets/derived/cutouts/food-stickers-fruit-snacks-combos-v1/food-stickers-fruit-snacks-combos-v1__06.png,food-stickers-fruit-snacks-combos-v1__06,,,,,todo,
assets/derived/cutouts/food-stickers-fruit-snacks-combos-v1/food-stickers-fruit-snacks-combos-v1__07.png,food-stickers-fruit-snacks-combos-v1__07,,,,,todo,
assets/derived/cutouts/food-stickers-fruit-snacks-combos-v1/food-stickers-fruit-snacks-combos-v1__08.png,food-stickers-fruit-snacks-combos-v1__08,,,,,todo,
assets/derived/cutouts/food-stickers-fruit-snacks-combos-v1/food-stickers-fruit-snacks-combos-v1__09.png,food-stickers-fruit-snacks-combos-v1__09,,,,,todo,
assets/derived/cutouts/food-stickers-fruit-snacks-combos-v1/food-stickers-fruit-snacks-combos-v1__10.png,food-stickers-fruit-snacks-combos-v1__10,,,,,todo,
assets/derived/cutouts/food-stickers-fruit-snacks-combos-v1/food-stickers-fruit-snacks-combos-v1__11.png,food-stickers-fruit-snacks-combos-v1__11,,,,,todo,
assets/derived/cutouts/food-stickers-fruit-snacks-combos-v1/food-stickers-fruit-snacks-combos-v1__12.png,food-stickers-fruit-snacks-combos-v1__12,,,,,todo,
assets/derived/cutouts/food-stickers-fruit-snacks-combos-v1/food-stickers-fruit-snacks-combos-v1__13.png,food-stickers-fruit-snacks-combos-v1__13,,,,,todo,
assets/derived/cutouts/food-stickers-fruit-snacks-combos-v1/food-stickers-fruit-snacks-combos-v1__14.png,food-stickers-fruit-snacks-combos-v1__14,,,,,todo,
assets/derived/cutouts/food-stickers-fruit-snacks-combos-v1/food-stickers-fruit-snacks-combos-v1__15.png,food-stickers-fruit-snacks-combos-v1__15,,,,,todo,
assets/derived/cutouts/food-stickers-fruit-snacks-combos-v1/food-stickers-fruit-snacks-combos-v1__16.png,food-stickers-fruit-snacks-combos-v1__16,,,,,todo,
assets/derived/cutouts/food-stickers-fruit-snacks-combos-v1/food-stickers-fruit-snacks-combos-v1__17.png,food-stickers-fruit-snacks-combos-v1__17,,,,,todo,
assets/derived/cutouts/food-stickers-fruit-snacks-combos-v1/food-stickers-fruit-snacks-combos-v1__18.png,food-stickers-fruit-snacks-combos-v1__18,,,,,todo,
assets/derived/cutouts/food-stickers-fruit-snacks-combos-v1/food-stickers-fruit-snacks-combos-v1__19.png,food-stickers-fruit-snacks-combos-v1__19,,,,,todo,
assets/derived/cutouts/food-stickers-fruit-snacks-combos-v1/food-stickers-fruit-snacks-combos-v1__20.png,food-stickers-fruit-snacks-combos-v1__20,,,,,todo,
assets/derived/cutouts/food-stickers-fruit-snacks-combos-v1/food-stickers-fruit-snacks-combos-v1__21.png,food-stickers-fruit-snacks-combos-v1__21,,,,,todo,
assets/derived/cutouts/food-stickers-staples-protein-veg-v1/food-stickers-staples-protein-veg-v1__01.png,food-stickers-staples-protein-veg-v1__01,,,,,todo,
assets/derived/cutouts/food-stickers-staples-protein-veg-v1/food-stickers-staples-protein-veg-v1__02.png,food-stickers-staples-protein-veg-v1__02,,,,,todo,
assets/derived/cutouts/food-stickers-staples-protein-veg-v1/food-stickers-staples-protein-veg-v1__03.png,food-stickers-staples-protein-veg-v1__03,,,,,todo,
assets/derived/cutouts/food-stickers-staples-protein-veg-v1/food-stickers-staples-protein-veg-v1__04.png,food-stickers-staples-protein-veg-v1__04,,,,,todo,
assets/derived/cutouts/food-stickers-staples-protein-veg-v1/food-stickers-staples-protein-veg-v1__05.png,food-stickers-staples-protein-veg-v1__05,,,,,todo,
assets/derived/cutouts/food-stickers-staples-protein-veg-v1/food-stickers-staples-protein-veg-v1__06.png,food-stickers-staples-protein-veg-v1__06,,,,,todo,
assets/derived/cutouts/food-stickers-staples-protein-veg-v1/food-stickers-staples-protein-veg-v1__07.png,food-stickers-staples-protein-veg-v1__07,,,,,todo,
assets/derived/cutouts/food-stickers-staples-protein-veg-v1/food-stickers-staples-protein-veg-v1__08.png,food-stickers-staples-protein-veg-v1__08,,,,,todo,
assets/derived/cutouts/food-stickers-staples-protein-veg-v1/food-stickers-staples-protein-veg-v1__09.png,food-stickers-staples-protein-veg-v1__09,,,,,todo,
assets/derived/cutouts/food-stickers-staples-protein-veg-v1/food-stickers-staples-protein-veg-v1__10.png,food-stickers-staples-protein-veg-v1__10,,,,,todo,
assets/derived/cutouts/food-stickers-staples-protein-veg-v1/food-stickers-staples-protein-veg-v1__11.png,food-stickers-staples-protein-veg-v1__11,,,,,todo,
assets/derived/cutouts/food-stickers-staples-protein-veg-v1/food-stickers-staples-protein-veg-v1__12.png,food-stickers-staples-protein-veg-v1__12,,,,,todo,
assets/derived/cutouts/food-stickers-staples-protein-veg-v1/food-stickers-staples-protein-veg-v1__13.png,food-stickers-staples-protein-veg-v1__13,,,,,todo,
assets/derived/cutouts/food-stickers-staples-protein-veg-v1/food-stickers-staples-protein-veg-v1__14.png,food-stickers-staples-protein-veg-v1__14,,,,,todo,
assets/derived/cutouts/food-stickers-staples-protein-veg-v1/food-stickers-staples-protein-veg-v1__15.png,food-stickers-staples-protein-veg-v1__15,,,,,todo,
assets/derived/cutouts/food-stickers-staples-protein-veg-v1/food-stickers-staples-protein-veg-v1__16.png,food-stickers-staples-protein-veg-v1__16,,,,,todo,
assets/derived/cutouts/food-stickers-staples-protein-veg-v1/food-stickers-staples-protein-veg-v1__17.png,food-stickers-staples-protein-veg-v1__17,,,,,todo,
assets/derived/cutouts/food-stickers-staples-protein-veg-v1/food-stickers-staples-protein-veg-v1__18.png,food-stickers-staples-protein-veg-v1__18,,,,,todo,
assets/derived/cutouts/food-stickers-staples-protein-veg-v1/food-stickers-staples-protein-veg-v1__19.png,food-stickers-staples-protein-veg-v1__19,,,,,todo,
assets/derived/cutouts/ui-icons-effects-and-secondary-states-v1/ui-icons-effects-and-secondary-states-v1__01.png,ui-icons-effects-and-secondary-states-v1__01,,,,,todo,
assets/derived/cutouts/ui-icons-effects-and-secondary-states-v1/ui-icons-effects-and-secondary-states-v1__02.png,ui-icons-effects-and-secondary-states-v1__02,,,,,todo,
assets/derived/cutouts/ui-icons-effects-and-secondary-states-v1/ui-icons-effects-and-secondary-states-v1__03.png,ui-icons-effects-and-secondary-states-v1__03,,,,,todo,
assets/derived/cutouts/ui-icons-effects-and-secondary-states-v1/ui-icons-effects-and-secondary-states-v1__04.png,ui-icons-effects-and-secondary-states-v1__04,,,,,todo,
assets/derived/cutouts/ui-icons-effects-and-secondary-states-v1/ui-icons-effects-and-secondary-states-v1__05.png,ui-icons-effects-and-secondary-states-v1__05,,,,,todo,
assets/derived/cutouts/ui-icons-effects-and-secondary-states-v1/ui-icons-effects-and-secondary-states-v1__06.png,ui-icons-effects-and-secondary-states-v1__06,,,,,todo,
assets/derived/cutouts/ui-icons-effects-and-secondary-states-v1/ui-icons-effects-and-secondary-states-v1__07.png,ui-icons-effects-and-secondary-states-v1__07,,,,,todo,
assets/derived/cutouts/ui-icons-effects-and-secondary-states-v1/ui-icons-effects-and-secondary-states-v1__08.png,ui-icons-effects-and-secondary-states-v1__08,,,,,todo,
assets/derived/cutouts/ui-icons-effects-and-secondary-states-v1/ui-icons-effects-and-secondary-states-v1__09.png,ui-icons-effects-and-secondary-states-v1__09,,,,,todo,
assets/derived/cutouts/ui-icons-effects-and-secondary-states-v1/ui-icons-effects-and-secondary-states-v1__10.png,ui-icons-effects-and-secondary-states-v1__10,,,,,todo,
assets/derived/cutouts/ui-icons-effects-and-secondary-states-v1/ui-icons-effects-and-secondary-states-v1__11.png,ui-icons-effects-and-secondary-states-v1__11,,,,,todo,
assets/derived/cutouts/ui-icons-effects-and-secondary-states-v1/ui-icons-effects-and-secondary-states-v1__12.png,ui-icons-effects-and-secondary-states-v1__12,,,,,todo,
assets/derived/cutouts/ui-icons-effects-and-secondary-states-v1/ui-icons-effects-and-secondary-states-v1__13.png,ui-icons-effects-and-secondary-states-v1__13,,,,,todo,
assets/derived/cutouts/ui-icons-effects-and-secondary-states-v1/ui-icons-effects-and-secondary-states-v1__14.png,ui-icons-effects-and-secondary-states-v1__14,,,,,todo,
assets/derived/cutouts/ui-icons-effects-and-secondary-states-v1/ui-icons-effects-and-secondary-states-v1__15.png,ui-icons-effects-and-secondary-states-v1__15,,,,,todo,
assets/derived/cutouts/ui-icons-effects-and-secondary-states-v1/ui-icons-effects-and-secondary-states-v1__16.png,ui-icons-effects-and-secondary-states-v1__16,,,,,todo,
assets/derived/cutouts/ui-icons-effects-and-secondary-states-v1/ui-icons-effects-and-secondary-states-v1__17.png,ui-icons-effects-and-secondary-states-v1__17,,,,,todo,
assets/derived/cutouts/ui-icons-effects-and-secondary-states-v1/ui-icons-effects-and-secondary-states-v1__18.png,ui-icons-effects-and-secondary-states-v1__18,,,,,todo,
assets/derived/cutouts/ui-icons-effects-and-secondary-states-v1/ui-icons-effects-and-secondary-states-v1__19.png,ui-icons-effects-and-secondary-states-v1__19,,,,,todo,
assets/derived/cutouts/ui-icons-effects-and-secondary-states-v1/ui-icons-effects-and-secondary-states-v1__20.png,ui-icons-effects-and-secondary-states-v1__20,,,,,todo,
assets/derived/cutouts/ui-icons-effects-and-secondary-states-v1/ui-icons-effects-and-secondary-states-v1__21.png,ui-icons-effects-and-secondary-states-v1__21,,,,,todo,
assets/derived/cutouts/ui-icons-effects-and-secondary-states-v1/ui-icons-effects-and-secondary-states-v1__22.png,ui-icons-effects-and-secondary-states-v1__22,,,,,todo,
assets/derived/cutouts/ui-icons-effects-and-secondary-states-v1/ui-icons-effects-and-secondary-states-v1__23.png,ui-icons-effects-and-secondary-states-v1__23,,,,,todo,
assets/derived/cutouts/ui-icons-effects-and-secondary-states-v1/ui-icons-effects-and-secondary-states-v1__24.png,ui-icons-effects-and-secondary-states-v1__24,,,,,todo,
assets/derived/cutouts/ui-icons-effects-and-secondary-states-v1/ui-icons-effects-and-secondary-states-v1__25.png,ui-icons-effects-and-secondary-states-v1__25,,,,,todo,
assets/derived/cutouts/ui-icons-effects-and-secondary-states-v1/ui-icons-effects-and-secondary-states-v1__26.png,ui-icons-effects-and-secondary-states-v1__26,,,,,todo,
assets/derived/cutouts/ui-icons-effects-and-secondary-states-v1/ui-icons-effects-and-secondary-states-v1__27.png,ui-icons-effects-and-secondary-states-v1__27,,,,,todo,
assets/derived/cutouts/ui-icons-effects-and-secondary-states-v1/ui-icons-effects-and-secondary-states-v1__28.png,ui-icons-effects-and-secondary-states-v1__28,,,,,todo,
assets/derived/cutouts/ui-icons-effects-and-secondary-states-v1/ui-icons-effects-and-secondary-states-v1__29.png,ui-icons-effects-and-secondary-states-v1__29,,,,,todo,
assets/derived/cutouts/ui-icons-effects-and-secondary-states-v1/ui-icons-effects-and-secondary-states-v1__30.png,ui-icons-effects-and-secondary-states-v1__30,,,,,todo,
assets/derived/cutouts/ui-icons-effects-and-secondary-states-v1/ui-icons-effects-and-secondary-states-v1__31.png,ui-icons-effects-and-secondary-states-v1__31,,,,,todo,
assets/derived/cutouts/ui-icons-effects-and-secondary-states-v1/ui-icons-effects-and-secondary-states-v1__32.png,ui-icons-effects-and-secondary-states-v1__32,,,,,todo,
assets/derived/cutouts/ui-icons-effects-and-secondary-states-v1/ui-icons-effects-and-secondary-states-v1__33.png,ui-icons-effects-and-secondary-states-v1__33,,,,,todo,
assets/derived/cutouts/ui-icons-effects-and-secondary-states-v1/ui-icons-effects-and-secondary-states-v1__34.png,ui-icons-effects-and-secondary-states-v1__34,,,,,todo,
assets/derived/cutouts/ui-icons-effects-and-secondary-states-v1/ui-icons-effects-and-secondary-states-v1__35.png,ui-icons-effects-and-secondary-states-v1__35,,,,,todo,
assets/derived/cutouts/ui-icons-effects-and-secondary-states-v1/ui-icons-effects-and-secondary-states-v1__36.png,ui-icons-effects-and-secondary-states-v1__36,,,,,todo,
assets/derived/cutouts/ui-icons-effects-and-secondary-states-v1/ui-icons-effects-and-secondary-states-v1__37.png,ui-icons-effects-and-secondary-states-v1__37,,,,,todo,
assets/derived/cutouts/ui-icons-effects-and-secondary-states-v1/ui-icons-effects-and-secondary-states-v1__38.png,ui-icons-effects-and-secondary-states-v1__38,,,,,todo,
assets/derived/cutouts/ui-icons-effects-and-secondary-states-v1/ui-icons-effects-and-secondary-states-v1__39.png,ui-icons-effects-and-secondary-states-v1__39,,,,,todo,
assets/derived/cutouts/ui-icons-effects-and-secondary-states-v1/ui-icons-effects-and-secondary-states-v1__40.png,ui-icons-effects-and-secondary-states-v1__40,,,,,todo,
